ID,Description,GeneRatio,BgRatio,RichFactor,FoldEnrichment,zScore,pvalue,p.adjust,qvalue,geneID,Count
GO:0003341,cilium movement,64/667,258/18986,0.24806201550387597,7.061027625722022,18.703709670355703,2.782334834950682e-36,1.1235068063530854e-32,1.0774957745035326e-32,SPAG17/KLC3/MEIG1/DNAH9/DNAI4/PACRG/EFCAB6/CFAP58/DNAH6/SPAG16/CCDC65/DNAI3/HYDIN/CFAP70/CFAP43/CFAP53/DNAH7/CFAP221/HOATZ/TEKT3/ARMC3/TMEM232/CFAP251/DNAI2/CFAP57/TEKT1/EFHB/ENKUR/DRC1/EPPIN/DNAH10/DNAAF1/DNAH3/CFAP54/SPAG8/DNAH2/TTLL9/ROPN1B/CFAP161/NME8/EFHC2/DNAAF6/DNAH5/RSPH9/CFAP61/GAS2L2/DRC7/CELF3/CFAP52/CFAP46/CFAP65/DNALI1/DNAI1/CFAP91/TCTE1/CATSPERD/CFAP100/TEKT4/RGN/RSPH4A/TTC29/CFAP73/ROPN1L/CFAP77,64
GO:0001539,cilium or flagellum-dependent cell motility,54/667,218/18986,0.24770642201834864,7.0509057397906565,17.14576920067325,1.0700105363238533e-30,1.4402341818919064e-27,1.3812521975913883e-27,KLC3/MEIG1/DNAH9/PACRG/EFCAB6/CFAP58/DNAH6/SPAG16/CCDC65/DNAI3/CFAP43/CFAP53/DNAH7/CFAP221/HOATZ/TEKT3/ARMC3/TMEM232/CFAP251/CFAP57/TEKT1/EFHB/ENKUR/DRC1/EPPIN/DNAH10/DNAH3/CFAP54/SPAG8/DNAH2/TTLL9/ROPN1B/CFAP161/NME8/EFHC2/DNAAF6/DNAH5/RSPH9/CFAP61/GAS2L2/DRC7/CELF3/CFAP52/CFAP46/CFAP65/DNALI1/DNAI1/TCTE1/CATSPERD/TEKT4/RGN/RSPH4A/ROPN1L/CFAP77,54
GO:0060285,cilium-dependent cell motility,54/667,218/18986,0.24770642201834864,7.0509057397906565,17.14576920067325,1.0700105363238533e-30,1.4402341818919064e-27,1.3812521975913883e-27,KLC3/MEIG1/DNAH9/PACRG/EFCAB6/CFAP58/DNAH6/SPAG16/CCDC65/DNAI3/CFAP43/CFAP53/DNAH7/CFAP221/HOATZ/TEKT3/ARMC3/TMEM232/CFAP251/CFAP57/TEKT1/EFHB/ENKUR/DRC1/EPPIN/DNAH10/DNAH3/CFAP54/SPAG8/DNAH2/TTLL9/ROPN1B/CFAP161/NME8/EFHC2/DNAAF6/DNAH5/RSPH9/CFAP61/GAS2L2/DRC7/CELF3/CFAP52/CFAP46/CFAP65/DNALI1/DNAI1/TCTE1/CATSPERD/TEKT4/RGN/RSPH4A/ROPN1L/CFAP77,54
GO:0060294,cilium movement involved in cell motility,53/667,215/18986,0.24651162790697675,7.01689620306126,16.93032835308412,4.942765507561287e-30,4.98972177988312e-27,4.785377447978415e-27,KLC3/MEIG1/DNAH9/PACRG/EFCAB6/CFAP58/DNAH6/SPAG16/DNAI3/CFAP43/CFAP53/DNAH7/CFAP221/HOATZ/TEKT3/ARMC3/TMEM232/CFAP251/CFAP57/TEKT1/EFHB/ENKUR/DRC1/EPPIN/DNAH10/DNAH3/CFAP54/SPAG8/DNAH2/TTLL9/ROPN1B/CFAP161/NME8/EFHC2/DNAAF6/DNAH5/RSPH9/CFAP61/GAS2L2/DRC7/CELF3/CFAP52/CFAP46/CFAP65/DNALI1/DNAI1/TCTE1/CATSPERD/TEKT4/RGN/RSPH4A/ROPN1L/CFAP77,53
GO:0007018,microtubule-based movement,71/667,480/18986,0.14791666666666667,4.210413543228386,13.593855681836738,3.4222164046121444e-25,2.7637819683647677e-22,2.650596663698543e-22,SPAG17/KLC3/MEIG1/DNAH9/DNAI4/PACRG/DYNLRB2/EFCAB6/KIF6/CFAP58/DNAH6/SPAG16/CCDC65/DNAI3/HYDIN/CFAP70/CFAP43/CFAP53/DNAH7/CFAP221/HOATZ/TEKT3/ARMC3/TMEM232/CFAP251/DNAI2/CFAP57/TEKT1/EFHB/ENKUR/DRC1/EPPIN/DNAH10/DNAH12/DNAAF1/DNAH3/CFAP54/SPAG8/DNAH2/TTLL9/ROPN1B/CFAP161/NEFH/NME8/EFHC2/DNAAF6/DNAH5/RSPH9/CFAP61/GAS2L2/KIF19/DRC7/CELF3/CFAP52/CFAP46/CFAP65/FMN2/DNALI1/DNAI1/CFAP91/TCTE1/CATSPERD/CFAP100/TEKT4/RGN/RSPH4A/TTC29/TRIM58/CFAP73/ROPN1L/CFAP77,71
GO:0035082,axoneme assembly,32/667,105/18986,0.3047619047619048,8.67497679731563,15.047923025108796,1.1509880858875924e-21,7.746149818023497e-19,7.428921347334127e-19,TOGARAM1/SPAG17/MEIG1/DNAI4/RP1/CFAP58/SPAG16/CCDC65/DNAI3/HYDIN/LRGUK/CFAP43/DNAH7/HOATZ/DNAI2/CFAP57/RSPH1/DRC1/DNAAF1/DNAH2/DNAAF6/DNAH5/RSPH9/DRC7/CFAP46/CFAP65/DNAI1/CFAP91/CFAP100/RSPH4A/CFAP73/CFAP74,32
GO:0030317,flagellated sperm motility,42/667,196/18986,0.21428571428571427,6.09959306061255,13.693595768954738,1.7308531008996594e-21,8.73648102679103e-19,8.378695471328745e-19,KLC3/MEIG1/PACRG/EFCAB6/CFAP58/SPAG16/CFAP43/CFAP53/CFAP221/HOATZ/TEKT3/ARMC3/TMEM232/CFAP251/CFAP57/TEKT1/EFHB/ENKUR/DRC1/EPPIN/CFAP54/SPAG8/TTLL9/ROPN1B/CFAP161/NME8/EFHC2/DNAAF6/DNAH5/CFAP61/DRC7/CELF3/CFAP52/CFAP65/DNALI1/DNAI1/TCTE1/CATSPERD/TEKT4/RGN/ROPN1L/CFAP77,42
GO:0097722,sperm motility,42/667,196/18986,0.21428571428571427,6.09959306061255,13.693595768954738,1.7308531008996594e-21,8.73648102679103e-19,8.378695471328745e-19,KLC3/MEIG1/PACRG/EFCAB6/CFAP58/SPAG16/CFAP43/CFAP53/CFAP221/HOATZ/TEKT3/ARMC3/TMEM232/CFAP251/CFAP57/TEKT1/EFHB/ENKUR/DRC1/EPPIN/CFAP54/SPAG8/TTLL9/ROPN1B/CFAP161/NME8/EFHC2/DNAAF6/DNAH5/CFAP61/DRC7/CELF3/CFAP52/CFAP65/DNALI1/DNAI1/TCTE1/CATSPERD/TEKT4/RGN/ROPN1L/CFAP77,42
GO:0001578,microtubule bundle formation,34/667,136/18986,0.25,7.116191904047976,13.658789651113697,6.955591642889596e-20,3.1207421171097986e-17,2.992938205168518e-17,TOGARAM1/SPAG17/MEIG1/DNAI4/RP1/CFAP58/SPAG16/CCDC65/DNAI3/HYDIN/LRGUK/CFAP43/DNAH7/HOATZ/DNAI2/CFAP57/RSPH1/DRC1/DNAAF1/DNAH2/DNAAF6/DNAH5/RSPH9/GAS2L2/DRC7/CFAP46/MTCL1/CFAP65/DNAI1/CFAP91/CFAP100/RSPH4A/CFAP73/CFAP74,34
GO:0016064,immunoglobulin mediated immune response,39/667,209/18986,0.18660287081339713,5.311607354217628,11.959597956613637,8.08470288894691e-18,3.2646030265567626e-15,3.1309075714142827e-15,MLH1/CFI/C8B/FCER1A/IGHG1/C4BPA/IGHG3/IGHM/C6/C3/IGHG4/IGHV4-39/IGHG2/IGLC2/IGLL5/IGHV4-34/IGHV1-69/IGKC/IGHV2-5/IGHV5-51/IGHV3-21/IGHV1-24/IGHV3-23/IGHV3-66/IGHV3-30/IGHV2-70/IGHV3-20/IGHV3-53/IGHV4-59/IGHV2-26/IGHV1-69D/IGHV1-18/IGHV4-28/IGHV3-48/IGHV3-33/IGHV4-61/IGLC7/IGHV4-31/IGHV3-7,39
GO:0019724,B cell mediated immunity,39/667,212/18986,0.18396226415094338,5.236443099205115,11.836089425200226,1.351850184059397e-17,4.962519130210768e-15,4.759288829812939e-15,MLH1/CFI/C8B/FCER1A/IGHG1/C4BPA/IGHG3/IGHM/C6/C3/IGHG4/IGHV4-39/IGHG2/IGLC2/IGLL5/IGHV4-34/IGHV1-69/IGKC/IGHV2-5/IGHV5-51/IGHV3-21/IGHV1-24/IGHV3-23/IGHV3-66/IGHV3-30/IGHV2-70/IGHV3-20/IGHV3-53/IGHV4-59/IGHV2-26/IGHV1-69D/IGHV1-18/IGHV4-28/IGHV3-48/IGHV3-33/IGHV4-61/IGLC7/IGHV4-31/IGHV3-7,39
GO:0044782,cilium organization,51/667,427/18986,0.11943793911007025,3.399773181325028,9.570269848758063,1.925778961356751e-14,6.480246204965467e-12,6.214860349852182e-12,TOGARAM1/SPAG17/KLC3/MEIG1/DNAI4/ERICH3/RP1/CFAP58/SPAG16/CCDC65/DNAI3/HYDIN/CFAP70/LRGUK/CFAP43/CFAP53/DNAH7/CFAP221/HOATZ/TEKT3/DNAI2/CFAP57/TEKT1/RSPH1/DRC1/DNAAF1/CFAP54/DNAH2/ROPN1B/CFAP161/NME8/DNAAF6/PKHD1/CATIP/DNAH5/RSPH9/CFAP61/KIF19/DRC7/CFAP46/CFAP65/DNALI1/DNAI1/CFAP91/CFAP100/TEKT4/CIBAR2/RSPH4A/TTC29/CFAP73/CFAP74,51
GO:0060271,cilium assembly,47/667,398/18986,0.11809045226130653,3.3614172813090937,9.084798050880565,3.2204992440770903e-13,1.0003366113525609e-10,9.593697748145438e-11,TOGARAM1/SPAG17/KLC3/MEIG1/DNAI4/ERICH3/RP1/CFAP58/SPAG16/CCDC65/DNAI3/HYDIN/CFAP70/LRGUK/CFAP43/CFAP53/DNAH7/CFAP221/HOATZ/TEKT3/DNAI2/CFAP57/TEKT1/RSPH1/DRC1/DNAAF1/CFAP54/DNAH2/CFAP161/NME8/DNAAF6/PKHD1/DNAH5/RSPH9/CFAP61/DRC7/CFAP46/CFAP65/DNALI1/DNAI1/CFAP91/CFAP100/TEKT4/CIBAR2/RSPH4A/CFAP73/CFAP74,47
GO:0003002,regionalization,47/667,430/18986,0.10930232558139535,3.1112652975837665,8.449912106918152,5.285927460529717e-12,1.5246125061156428e-9,1.4621749719766038e-9,HOXB4/HOXB3/HOXB8/OTX1/HOXC11/FGF8/HOXC10/CFAP53/DNAI2/HOXB2/ENKUR/HOXC9/BARX1/HOXB1/DRC1/HOXB7/HOXB5/DNAAF1/AXIN2/HOXA9/HOXB6/SFRP2/DNAH5/BMP4/SIX2/HOXA6/C3/NKD1/CFAP52/HOXC8/HEY2/FOXB1/DNAI1/HOXA5/HOXA7/HOXC6/PAX6/GDNF/RELN/CDX2/WNT3A/WNT11/IHH/SOSTDC1/LHX2/FOXG1/WIF1,47
GO:0002460,adaptive immune response based on somatic recombination of immune receptors built from immunoglobulin superfamily domains,44/667,400/18986,0.11,3.1311244377811094,8.219836418821652,2.084986356624397e-11,5.612783272032877e-9,5.38292267089204e-9,MLH1/CFI/C8B/ULBP1/CXCL13/FCER1A/IGHG1/C4BPA/IGHG3/ULBP2/IGHM/C6/C3/IGHG4/CCL19/IGHV4-39/IGHG2/IL12A/IGLC2/IGLL5/IGHV4-34/IGHV1-69/IGKC/IGHV2-5/IGHV5-51/IGHV3-21/IGHV1-24/IGHV3-23/IGHV3-66/IGHV3-30/IGHV2-70/IGHV3-20/IGHV3-53/IGHV4-59/IGHV2-26/IGHV1-69D/IGHV1-18/IGHV4-28/IGHV3-48/IGHV3-33/IGHV4-61/IGLC7/IGHV4-31/IGHV3-7,44
GO:0002449,lymphocyte mediated immunity,43/667,386/18986,0.11139896373056994,3.1709456152752638,8.222492018752096,2.348169267368516e-11,5.926192188521292e-9,5.683496535953138e-9,MLH1/CFI/C8B/ULBP1/FCER1A/LAG3/IGHG1/C4BPA/IGHG3/ULBP2/IGHM/C6/C3/IGHG4/IGHV4-39/IGHG2/IL12A/IGLC2/IGLL5/IGHV4-34/IGHV1-69/IGKC/IGHV2-5/IGHV5-51/IGHV3-21/IGHV1-24/IGHV3-23/IGHV3-66/IGHV3-30/IGHV2-70/IGHV3-20/IGHV3-53/IGHV4-59/IGHV2-26/IGHV1-69D/IGHV1-18/IGHV4-28/IGHV3-48/IGHV3-33/IGHV4-61/IGLC7/IGHV4-31/IGHV3-7,43
GO:0009952,anterior/posterior pattern specification,31/667,220/18986,0.1409090909090909,4.0109445277361315,8.57127788026268,4.3682033978675907e-11,1.0375767835640783e-8,9.950848483439545e-9,HOXB4/HOXB3/HOXB8/OTX1/HOXC11/FGF8/HOXC10/HOXB2/HOXC9/BARX1/HOXB1/HOXB7/HOXB5/AXIN2/HOXA9/HOXB6/SFRP2/BMP4/SIX2/HOXA6/NKD1/HOXC8/HEY2/FOXB1/HOXA5/HOXA7/HOXC6/PAX6/CDX2/WNT3A/WIF1,31
GO:0007389,pattern specification process,48/667,476/18986,0.10084033613445378,2.8703967344059063,7.885901332366403,5.4697271487949963e-11,1.186373050274235e-8,1.1377874539138477e-8,HOXB4/HOXB3/HOXB8/OTX1/HOXC11/FGF8/HOXC10/CFAP53/DNAI2/HOXB2/ENKUR/HOXC9/BARX1/HOXB1/DRC1/HOXB7/HOXB5/DNAAF1/AXIN2/HOXA9/HOXB6/SFRP2/DNAH5/WNT6/BMP4/SIX2/HOXA6/C3/NKD1/CFAP52/HOXC8/HEY2/FOXB1/DNAI1/HOXA5/HOXA7/HOXC6/PAX6/GDNF/RELN/CDX2/WNT3A/WNT11/IHH/SOSTDC1/LHX2/FOXG1/WIF1,48
GO:0070286,axonemal dynein complex assembly,14/667,41/18986,0.34146341463414637,9.71967674699236,10.665036475804811,5.582240702132359e-11,1.186373050274235e-8,1.1377874539138477e-8,DNAI4/CCDC65/DNAI3/DNAH7/DNAI2/CFAP57/DRC1/DNAAF1/DNAH2/DNAAF6/DNAH5/DNAI1/CFAP100/CFAP73,14
GO:0002443,leukocyte mediated immunity,48/667,485/18986,0.09896907216494845,2.817131640365384,7.735297023473368,1.0468337655424848e-10,2.1135573726302768e-8,2.027000749174106e-8,MLH1/CFI/C8B/ULBP1/FCER1A/LAG3/IGHG1/C4BPA/IGHG3/ULBP2/IGHM/C6/SCN11A/KIT/C3/AZU1/IGHG4/IGHV4-39/SCNN1B/DBH/IGHG2/IL12A/IGLC2/IGLL5/IGHV4-34/IGHV1-69/IGKC/IGHV2-5/IGHV5-51/IGHV3-21/IGHV1-24/IGHV3-23/IGHV3-66/IGHV3-30/IGHV2-70/IGHV3-20/IGHV3-53/IGHV4-59/IGHV2-26/IGHV1-69D/IGHV1-18/IGHV4-28/IGHV3-48/IGHV3-33/IGHV4-61/IGLC7/IGHV4-31/IGHV3-7,48
GO:0048706,embryonic skeletal system development,23/667,134/18986,0.17164179104477612,4.8857436953165205,8.613212679216758,2.735927590039326e-10,5.260797908847047e-8,5.0453521823331734e-8,HOXB4/HOXB3/HOXB8/HOXC11/FGF8/HOXB2/RUNX2/HOXC9/HOXB1/HOXB7/HOXB5/HOXA9/HOXB6/FGF9/BMP4/SIX2/HOXA6/HOXA5/HOXA7/HOXC6/PAX5/WNT11/IHH,23
GO:0044458,motile cilium assembly,17/667,79/18986,0.21518987341772153,6.1253297401931945,8.710465822801595,1.618542820909799e-9,2.9707617776517125e-7,2.849100018242656e-7,SPAG17/KLC3/MEIG1/CFAP58/SPAG16/CFAP43/CFAP53/CFAP221/CFAP57/DRC1/DNAAF1/CFAP54/RSPH9/CFAP61/DRC7/CFAP65/DNALI1,17
GO:0007286,spermatid development,29/667,232/18986,0.125,3.558095952023988,7.4805099242879365,3.2179529722152354e-9,5.649606131219618e-7,5.418237521638376e-7,SPAG17/KLC3/MEIG1/PACRG/CFAP58/SPAG16/CFAP43/CFAP53/CFAP221/ARMC3/CFAP57/RSPH1/DRC1/SOX30/ADGB/STK33/CFAP54/ROPN1B/CFAP61/DPY19L2/KIT/DRC7/CFTR/CFAP52/CFAP65/DNALI1/CATSPERD/CFAP73/ROPN1L,29
GO:0120316,sperm flagellum assembly,14/667,54/18986,0.25925925925925924,7.379754567160863,8.958183201946497,3.367910693816514e-9,5.666509742346285e-7,5.434448878311823e-7,KLC3/MEIG1/CFAP58/SPAG16/CFAP43/CFAP53/CFAP221/CFAP57/DRC1/CFAP54/CFAP61/DRC7/CFAP65/DNALI1,14
GO:0048704,embryonic skeletal system morphogenesis,18/667,95/18986,0.18947368421052632,5.39332439043636,8.19115108463267,4.694149128426794e-9,7.581989672234958e-7,7.271484060413547e-7,HOXB4/HOXB3/HOXB8/HOXC11/FGF8/HOXB2/RUNX2/HOXC9/HOXB1/HOXB7/HOXB5/HOXA9/HOXB6/BMP4/SIX2/HOXA5/HOXA7/PAX5,18
GO:0048515,spermatid differentiation,29/667,240/18986,0.12083333333333333,3.4394927536231887,7.257184816763505,7.033165635819092e-9,1.0923047245168268e-6,1.047571513124633e-6,SPAG17/KLC3/MEIG1/PACRG/CFAP58/SPAG16/CFAP43/CFAP53/CFAP221/ARMC3/CFAP57/RSPH1/DRC1/SOX30/ADGB/STK33/CFAP54/ROPN1B/CFAP61/DPY19L2/KIT/DRC7/CFTR/CFAP52/CFAP65/DNALI1/CATSPERD/CFAP73/ROPN1L,29
GO:0007281,germ cell development,38/667,390/18986,0.09743589743589744,2.773490177987929,6.752563217053097,1.4817896311544678e-8,2.2160987150376815e-6,2.125342710727987e-6,MLH1/SPAG17/KLC3/MEIG1/PACRG/CFAP58/SPAG16/CFAP43/CFAP53/CFAP221/NANOS1/ARMC3/CFAP57/RSPH1/DRC1/SOX30/ADGB/STK33/CFAP54/ROPN1B/CFAP61/BMP4/DPY19L2/KIT/DRC7/CFTR/AMH/CFAP52/INHBB/YBX2/CELF4/CFAP65/FMN2/DNALI1/CATSPERD/CFAP73/ROPN1L/IHH,38
GO:0006959,humoral immune response,33/667,310/18986,0.1064516129032258,3.030120423659138,6.876667898078053,1.585969493392554e-8,2.2871945765425476e-6,2.1935269797711303e-6,CFI/C8B/CFD/CXCL13/CXCL9/CXCL5/CFB/IGHG1/DMBT1/C4BPA/CFH/IGHG3/MMP7/CCL13/IGHM/CCL11/C6/IFNG/C3/AZU1/IGHG4/HAMP/CCL19/REG1A/IGHG2/CXCL1/CXCL14/CXCL10/IGKV3-20/MS4A1/KLK3/CAMP/LTF,33
GO:0003351,epithelial cilium movement involved in extracellular fluid movement,12/667,46/18986,0.2608695652173913,7.4255915520500615,8.325673598063895,4.1661215266937944e-8,5.800965077513635e-6,5.563397857243728e-6,SPAG17/DNAH9/SPAG16/CFAP43/CFAP53/CFAP221/DNAAF1/CFAP54/DNAH5/DNAI1/RSPH4A/ROPN1L,12
GO:0022412,cellular process involved in reproduction in multicellular organism,39/667,427/18986,0.09133489461358314,2.5998265504250218,6.380091217754756,5.548749340643811e-8,7.468616612506569e-6,7.162753973413538e-6,MLH1/SPAG17/KLC3/MEIG1/PACRG/CFAP58/SPAG16/CFAP43/CFAP53/CFAP221/NANOS1/ARMC3/CFAP57/RSPH1/DRC1/SOX30/ADGB/NOX5/STK33/CFAP54/ROPN1B/CFAP61/BMP4/DPY19L2/KIT/DRC7/CFTR/AMH/CFAP52/INHBB/YBX2/CELF4/CFAP65/FMN2/DNALI1/CATSPERD/CFAP73/ROPN1L/IHH,39
GO:0048562,embryonic organ morphogenesis,31/667,300/18986,0.10333333333333333,2.94135932033983,6.467340347673925,8.55164115115435e-8,1.1139202247858473e-5,1.0683017927027795e-5,HOXB4/HOXB3/HOXB8/OTX1/HOXC11/FGF8/HOXB2/RUNX2/HOXC9/HOXB1/HOXB7/HOXB5/DNAAF1/MYO3B/HOXA9/HOXB6/FGF9/BMP4/SIX2/PROX1/WNT16/HOXA5/HOXA7/GJB6/PAX6/PAX5/WNT3A/WNT11/IHH/FOXG1/USH1C,31
GO:0006858,extracellular transport,12/667,49/18986,0.24489795918367346,6.970963497842915,7.985538411255028,8.969027783810021e-8,1.131779193469527e-5,1.0854293821262193e-5,SPAG17/DNAH9/SPAG16/CFAP43/CFAP53/CFAP221/DNAAF1/CFAP54/DNAH5/DNAI1/RSPH4A/ROPN1L,12
GO:0019730,antimicrobial humoral response,23/667,185/18986,0.12432432432432433,3.5388630009319666,6.621433054248441,1.508242408360705e-7,1.8455402560486446e-5,1.7699597513106966e-5,CXCL13/CXCL9/CXCL5/IGHG1/DMBT1/IGHG3/MMP7/CCL13/IGHM/CCL11/AZU1/IGHG4/HAMP/CCL19/REG1A/IGHG2/CXCL1/CXCL14/CXCL10/IGKV3-20/KLK3/CAMP/LTF,23
GO:0031640,killing of cells of another organism,18/667,124/18986,0.14516129032258066,4.131982395898825,6.676573295003004,3.351137964190316e-7,3.8662557426858554e-5,3.707920773009375e-5,C8B/CXCL13/CXCL9/CCL13/CCL11/C6/IFNG/AZU1/GBP5/HAMP/CCL19/SCNN1B/CXCL1/CXCL14/CXCL10/PLA2G2A/CAMP/LTF,18
GO:0141061,disruption of cell in another organism,18/667,124/18986,0.14516129032258066,4.131982395898825,6.676573295003004,3.351137964190316e-7,3.8662557426858554e-5,3.707920773009375e-5,C8B/CXCL13/CXCL9/CCL13/CCL11/C6/IFNG/AZU1/GBP5/HAMP/CCL19/SCNN1B/CXCL1/CXCL14/CXCL10/PLA2G2A/CAMP/LTF,18
GO:0141060,disruption of anatomical structure in another organism,18/667,127/18986,0.14173228346456693,4.034376512531136,6.546803933216787,4.82390676490431e-7,5.3310051037852075e-5,5.112684178417085e-5,C8B/CXCL13/CXCL9/CCL13/CCL11/C6/IFNG/AZU1/GBP5/HAMP/CCL19/SCNN1B/CXCL1/CXCL14/CXCL10/PLA2G2A/CAMP/LTF,18
GO:0006956,complement activation,13/667,67/18986,0.19402985074626866,5.523014612096937,7.0767465182022615,4.884774364538204e-7,5.3310051037852075e-5,5.112684178417085e-5,CFI/C8B/CFD/CFB/IGHG1/C4BPA/CFH/IGHG3/IGHM/C6/C3/IGHG4/IGHG2,13
GO:0036159,inner dynein arm assembly,7/667,17/18986,0.4117647058823529,11.720786665490783,8.438130405114848,9.153018112966646e-7,9.726286089515608e-5,9.327964996566285e-5,DNAI3/DNAH7/DNAAF1/DNAH2/DNAAF6/CFAP100/CFAP73,7
GO:0006958,"complement activation, classical pathway",10/667,42/18986,0.23809523809523808,6.777325622902834,7.152090234027923,1.423812291368598e-6,1.4741933416785637e-4,1.4138206261660112e-4,CFI/C8B/IGHG1/C4BPA/IGHG3/IGHM/C6/C3/IGHG4/IGHG2,10
GO:0048705,skeletal system morphogenesis,24/667,232/18986,0.10344827586206896,2.944631132709507,5.686585945223508,2.3996946743702826e-6,2.39133718990115e-4,2.2934046353448372e-4,HOXB4/HOXB3/HOXB8/HOXC11/FGF8/HOXB2/RUNX2/HOXC9/HOXB1/HOXB7/HOXB5/AXIN2/HOXA9/HOXB6/BMP4/SIX2/SP5/HOXC8/HOXA5/FGF4/HOXA7/PAX5/IHH/LTF,24
GO:0048568,embryonic organ development,37/667,458/18986,0.08078602620087336,2.299555462443451,5.3719334452526795,2.4280541056450507e-6,2.39133718990115e-4,2.2934046353448372e-4,HOXB4/HOXB3/HOXB8/OTX1/HOXC11/FGF8/HOXB2/RUNX2/HOXC9/HOXB1/HOXB7/HOXB5/DNAAF1/MYO3B/HOXA9/HOXB6/FGF9/BMP4/SIX2/KIT/PROX1/HEY2/WNT16/HOXA5/HOXA7/GJB6/PAX6/GDNF/PAX5/CDX2/WNT3A/WNT11/IHH/FOXG1/PLG/GJB5/USH1C,37
GO:0001906,cell killing,25/667,264/18986,0.0946969696969697,2.695527236381809,5.293561339748978,7.254332046052254e-6,6.974522095704523e-4,6.688894134693294e-4,C8B/ULBP1/CXCL13/CXCL9/LAG3/IGHG1/CFH/CCL13/ULBP2/CCL11/C6/IFNG/C3/AZU1/GBP5/HAMP/CCL19/SCNN1B/IL12A/CXCL1/CXCL14/CXCL10/PLA2G2A/CAMP/LTF,25
GO:0120197,mucociliary clearance,5/667,10/18986,0.5,14.232383808095951,7.986437360227958,1.1471598846469797e-5,0.0010772631660940708,0.001033145952415236,DNAH9/SPAG16/CFAP43/CFAP221/CFAP54,5
GO:0002455,humoral immune response mediated by circulating immunoglobulin,10/667,56/18986,0.17857142857142858,5.082994217177126,5.838681803500733,2.2115059114687982e-5,0.0020295592887525013,0.0019464426431324664,CFI/C8B/IGHG1/C4BPA/IGHG3/IGHM/C6/C3/IGHG4/IGHG2,10
GO:0061844,antimicrobial humoral immune response mediated by antimicrobial peptide,16/667,136/18986,0.11764705882352941,3.3487961901402237,5.245373853169882,2.34509089979905e-5,0.0021043282340863475,0.0020181495720142,CXCL13/CXCL9/CXCL5/DMBT1/MMP7/CCL13/CCL11/HAMP/CCL19/REG1A/CXCL1/CXCL14/CXCL10/KLK3/CAMP/LTF,16
GO:2000027,regulation of animal organ morphogenesis,12/667,81/18986,0.14814814814814814,4.217002609806207,5.536342101420686,2.4623214976645068e-5,0.002161490045123756,0.0020729704324731627,SAPCD2/APCDD1/HOXC11/FGF8/RUNX2/HOXB7/PKHD1/SFRP2/BMP4/SIX2/GDNF/WNT3A,12
GO:0060632,regulation of microtubule-based movement,10/667,60/18986,0.16666666666666666,4.744127936031983,5.5426087590333175,4.126827060470217e-5,0.0035455590787614333,0.003400357616006703,CCDC65/CFAP43/DRC1/EPPIN/DNAAF1/NEFH/GAS2L2/RGN/RSPH4A/TRIM58,10
GO:0019731,antibacterial humoral response,11/667,79/18986,0.13924050632911392,3.9634486554191257,5.036362446737455,9.538779374554318e-5,0.00802449814884382,0.007695870464689767,IGHG1/DMBT1/IGHG3/MMP7/IGHM/IGHG4/IGHG2/IGKV3-20/KLK3/CAMP/LTF,11
GO:0070098,chemokine-mediated signaling pathway,12/667,93/18986,0.12903225806451613,3.672873240798955,4.93045173166241,9.886226079582653e-5,0.008147057328439747,0.00781341047191935,CXCL13/CXCL9/CXCL5/CCL13/CCR8/CCL11/CCR3/CXCR2/CCL19/CXCL1/CXCL10/CXCR1,12
GO:0003352,regulation of cilium movement,8/667,44/18986,0.18181818181818182,5.175412293853073,5.29090695375727,1.286809235653759e-4,0.010392271387139758,0.009966676164147746,CCDC65/CFAP43/DRC1/EPPIN/DNAAF1/GAS2L2/RGN/RSPH4A,8
GO:0090660,cerebrospinal fluid circulation,5/667,16/18986,0.3125,8.89523988005997,6.028496205777812,1.667761855639731e-4,0.013204749751123988,0.012663974957478992,DNAH9/SPAG16/CFAP43/CFAP221/CFAP54,5
GO:0003016,respiratory system process,8/667,46/18986,0.17391304347826086,4.950394368033375,5.118547269221063,1.780989384876274e-4,0.013650431238518283,0.013091404428067246,DNAH9/CCBE1/SPAG16/CFAP43/CFAP221/CFAP54/TLX3/HOXA5,8
GO:0071621,granulocyte chemotaxis,14/667,129/18986,0.10852713178294573,3.0891995862533848,4.543136883003932,1.7916613562195865e-4,0.013650431238518283,0.013091404428067246,EDN3/CXCL13/CXCL9/CXCL5/DPEP1/C5AR2/CCL13/CCL11/CXCR2/CCL19/CXCL1/CXCL17/CXCL10/CXCR1,14
GO:0014059,regulation of dopamine secretion,6/667,25/18986,0.24,6.831544227886056,5.567244506009779,1.8376496084223092e-4,0.013670403858281477,0.013110559108109161,FGF20/CHRNA6/GDNF/KCNA2/SYT1/OPRK1,6
GO:0030593,neutrophil chemotaxis,11/667,85/18986,0.12941176470588237,3.683675809154247,4.731670125491916,1.861991610216645e-4,0.013670403858281477,0.013110559108109161,EDN3/CXCL13/CXCL9/CXCL5/DPEP1/C5AR2/CXCR2/CCL19/CXCL1/CXCL10/CXCR1,11
GO:1990868,response to chemokine,12/667,102/18986,0.11764705882352941,3.3487961901402237,4.538535744069084,2.4069145906258568e-4,0.017051089678854752,0.01635279552892433,CXCL13/CXCL9/CXCL5/CCL13/CCR8/CCL11/CCR3/CXCR2/CCL19/CXCL1/CXCL10/CXCR1,12
GO:1990869,cellular response to chemokine,12/667,102/18986,0.11764705882352941,3.3487961901402237,4.538535744069084,2.4069145906258568e-4,0.017051089678854752,0.01635279552892433,CXCL13/CXCL9/CXCL5/CCL13/CCR8/CCL11/CCR3/CXCR2/CCL19/CXCL1/CXCL10/CXCR1,12
GO:1905198,manchette assembly,4/667,10/18986,0.4,11.385907046476762,6.26843940281477,2.676595909995094e-4,0.018634645318207223,0.017871499732979943,SPAG17/MEIG1/CFAP53/STK33,4
GO:0001710,mesodermal cell fate commitment,5/667,18/18986,0.2777777777777778,7.906879893386639,5.5940291148036305,3.085763551390358e-4,0.02076718870085711,0.019916708957131803,SFRP2/BMP4/SIX2/WNT3A/TRIM15,5
GO:0006957,"complement activation, alternative pathway",5/667,18/18986,0.2777777777777778,7.906879893386639,5.5940291148036305,3.085763551390358e-4,0.02076718870085711,0.019916708957131803,C8B/CFD/CFB/CFH/C3,5
GO:0097530,granulocyte migration,15/667,156/18986,0.09615384615384616,2.7369968861722986,4.1567462671125295,4.048734349895091e-4,0.02673696436315891,0.025642004090628927,EDN3/XG/CXCL13/CXCL9/CXCL5/DPEP1/C5AR2/CCL13/CCL11/CXCR2/CCL19/CXCL1/CXCL17/CXCL10/CXCR1,15
GO:1990266,neutrophil migration,12/667,108/18986,0.1111111111111111,3.162751957354656,4.300886056942145,4.105229793253721e-4,0.02673696436315891,0.025642004090628927,EDN3/XG/CXCL13/CXCL9/CXCL5/DPEP1/C5AR2/CXCR2/CCL19/CXCL1/CXCL10/CXCR1,12
GO:0042475,odontogenesis of dentin-containing tooth,11/667,94/18986,0.11702127659574468,3.330983444447989,4.322962654322066,4.5329104779251743e-4,0.029053797634701357,0.02786395597040387,KLK4/APCDD1/FGF8/RUNX2/EDAR/WNT6/BMP4/SCN5A/CFTR/FGF4/SOSTDC1,11
GO:0014046,dopamine secretion,6/667,30/18986,0.2,5.692953523238381,4.908523413481619,5.305771084649946e-4,0.033218507997862336,0.031858108736512486,FGF20/CHRNA6/GDNF/KCNA2/SYT1/OPRK1,6
GO:0060042,retina morphogenesis in camera-type eye,9/667,67/18986,0.13432835820895522,3.8236255006824944,4.417868091166296,5.347209063548915e-4,0.033218507997862336,0.031858108736512486,RP1/PROM1/NDP/PTPRM/SDK1/PROX1/MEGF11/IHH/USH1C,9
GO:0042487,regulation of odontogenesis of dentin-containing tooth,4/667,12/18986,0.3333333333333333,9.488255872063966,5.612378778932012,5.964081166035824e-4,0.03648933295220099,0.03499498342878118,APCDD1/FGF8/RUNX2/BMP4,4
GO:0007411,axon guidance,19/667,236/18986,0.08050847457627118,2.2916550199476533,3.809949664345216,7.029892597352548e-4,0.042368218370312814,0.04063311055091913,EDN3/FGF8/CHL1/NDP/PTPRM/VAX1/BDNF/PAX6/GDNF/RELN/NRXN3/WNT3A/CNTN5/FLRT3/LHX2/FOXG1/GFRA3/L1CAM/SEMA3E,19
GO:0097485,neuron projection guidance,19/667,237/18986,0.08016877637130802,2.2819855894837393,3.7895321701765927,7.398483834875161e-4,0.04393393783121456,0.042134709022454676,EDN3/FGF8/CHL1/NDP/PTPRM/VAX1/BDNF/PAX6/GDNF/RELN/NRXN3/WNT3A/CNTN5/FLRT3/LHX2/FOXG1/GFRA3/L1CAM/SEMA3E,19
