Gene,Importance
ELAPOR1,0.003673388763315488
CLDN9,0.0028612440994355694
AC084866.1,0.0028183687174655136
AC009237.3,0.0026317908462221364
ACTL8,0.00260595417126985
SMIM31,0.002588314021368819
CTCFL,0.0025519189000447256
ABHD12B,0.00254571898760397
L1CAM,0.0025098122079121143
SYT13,0.002503583636314702
AC013724.1,0.0023374658715198024
YBX2,0.002314966212963982
FOXA2,0.0022231237542230126
SCGB2A1,0.002214583522717685
AC092969.1,0.0021823092533911886
FGF20,0.002100168144479709
DUSP9,0.0020771840466258635
SERPINA11,0.0020437394526496948
SPDEF,0.0020355215033122896
RASGRF1,0.001971912000607945
HIF3A,0.0019386925770745868
TMEM63C,0.0018598630557778947
SDR42E1,0.0018291178019248266
SLC6A11,0.001784926104822313
AC008060.1,0.0017754247856887394
ECEL1P2,0.0017722157512267663
`ELFN1-AS1`,0.0017377828952246078
PNOC,0.001735321521225407
RGS22,0.0016798283693180735
SLFN13,0.0016435005405192667
TNNT1,0.0015925645247916215
SERPINA4,0.0015671975648008615
TFF3,0.001563263495631279
PGR,0.0015236484850436167
RSPO4,0.0015193987443939154
IGHG1,0.0015061323865616046
RNF212,0.0014670440968894895
GPRIN2,0.0014637018367070621
VGLL1,0.0014503168003836588
DNAH9,0.0014360840870884736
BX322639.1,0.0014328094431171078
CLDN6,0.001427794538858745
CD8B2,0.0014013073127963776
FGF8,0.001396954220301658
SLITRK6,0.0013676923130785488
LIX1,0.0013538471204050237
UCHL1,0.0013341008032533234
C4BPA,0.0013171444985936363
IQCA1,0.0012915606430245273
EDN3,0.0012835421623193692
IGSF1,0.0012703948496503264
SP5,0.001259435246259612
DHRS2,0.0012336172735700366
GLYATL2,0.0012192636162824198
ERICH3,0.0011999132841870824
MSX1,0.0011847671908179617
DBH,0.001153719230031699
LAMP5,0.001152712053812782
XG,0.0011459203557778147
SCGB2A2,0.0011408609321448787
KLK8,0.0011383662161091478
BARX1,0.0011316856750513864
LRRC26,0.001110741977781878
NKD1,0.0010979306569237751
LMO1,0.001057522632406399
EYA4,0.0010536032804177294
FOXI3,0.0010477621995883077
MLF1,0.0010418121982000291
NEFH,0.0010263320861800221
C1QL1,0.0010169339015190684
COLCA1,0.0010124513848039894
MYT1,0.0010084302351730805
SLC5A1,0.001000204028672173
DYNLRB2,9.744151830642771e-4
CLIC6,9.660594779367002e-4
GAD1,9.652373192191743e-4
LINC01224,9.587736288951975e-4
CECR7,9.567433922110973e-4
AL354766.2,9.499815321931444e-4
NUPR2,9.479372460687621e-4
ECRG4,9.24546646501533e-4
AL390755.2,9.201171124510628e-4
LRRIQ1,9.123031710148069e-4
CHRNA3,8.939515768686384e-4
`IGHV4-39`,8.765452852705493e-4
AC092868.1,8.722258061460704e-4
CYTL1,8.535047397334208e-4
MMP7,8.38623390463449e-4
NXPH4,8.297457290498447e-4
MAG,8.217276387491878e-4
ECEL1P1,8.190604474945746e-4
TESC,8.18397875353482e-4
FAM3B,8.05906048750074e-4
AC005725.1,8.010750878797977e-4
CNGA4,7.970942610268809e-4
PRR9,7.850950896717686e-4
AC006946.2,7.825399540117371e-4
DPEP1,7.803000949538217e-4
IGFBPL1,7.742823162837544e-4
SERPINA6,7.723199460390502e-4
KLK7,7.612447330841603e-4
ALOX12P2,7.593883500451249e-4
C10orf82,7.569998397747641e-4
WNT7A,7.551482342095257e-4
ANKFN1,7.473236469821029e-4
MROH9,7.46350224055329e-4
ERMN,7.388298122063552e-4
PNMA3,7.316669638519931e-4
CWH43,7.310080601711546e-4
CXCL13,7.0934242769498e-4
COL9A3,7.084620282701935e-4
TPH1,7.064950586318519e-4
SHISA6,7.044231590658761e-4
DMRT3,7.043809061087569e-4
CRTAC1,7.01684908502945e-4
IHH,6.927664187054872e-4
DKK4,6.865821937975934e-4
TMEM212,6.831608388728605e-4
IGF2BP2,6.816737128104782e-4
FGF3,6.793118967936429e-4
GPR158,6.773974976128552e-4
MYH7B,6.753854372641819e-4
CHL1,6.750741624457304e-4
AC005077.4,6.733957175244307e-4
CXCL14,6.716599536972485e-4
CTNNA2,6.666011563375575e-4
TUBB4A,6.550428131201662e-4
SYT5,6.51116095175827e-4
NKAIN4,6.486777431486808e-4
SST,6.392713195479378e-4
BEX5,6.38575472307054e-4
CATIP,6.344466563934679e-4
LINC02086,6.316460066727592e-4
MYOCOS,6.298058007684408e-4
OMG,6.261833895689079e-4
TKTL1,6.251861532797136e-4
SPTSSB,6.251435785596058e-4
KLK4,6.213472947898236e-4
GAL3ST3,6.20822118960565e-4
CFAP161,6.204723636912493e-4
BEST3,6.098475414719418e-4
LINC00261,6.080912631739446e-4
LINC01411,6.071952873334013e-4
KRT6A,6.000873340717476e-4
PCSK1N,5.986698075699788e-4
AZU1,5.9785846171055e-4
AGR3,5.970883605100026e-4
`PRICKLE2-DT`,5.962079533345121e-4
PCK1,5.955598137037786e-4
TSPAN8,5.954432700588905e-4
DNAAF1,5.896679231004296e-4
IGKC,5.886693324969891e-4
KCNJ12,5.818977951271213e-4
KLK6,5.788833852186741e-4
ASCL5,5.768170915709279e-4
FSTL4,5.693686959220447e-4
VWA3A,5.630177360930206e-4
`ZFPM2-AS1`,5.604936617128511e-4
ARMC3,5.603962041478243e-4
ARMC4,5.570609578921598e-4
LRRC71,5.535826340671288e-4
ITPRID1,5.529895687108517e-4
CNTFR,5.508088492218433e-4
LINC00668,5.457250548587182e-4
TMEM101,5.435851343848664e-4
DYDC2,5.395416728175468e-4
KBTBD12,5.391625026308842e-4
SCNN1G,5.37405772738427e-4
LRRC18,5.334067378015976e-4
`IGHV5-51`,5.285711746145287e-4
GSTA3,5.281210355446649e-4
STOML3,5.272150440424888e-4
`IGHV2-70`,5.265537106256313e-4
LINC01541,5.250773911063771e-4
C4BPB,5.238500492789713e-4
NOTUM,5.190308366697884e-4
VWA5B2,5.1771600430967e-4
TBX18,5.169396928210035e-4
`IGKV4-1`,5.119784426722742e-4
EDAR,5.109322955934541e-4
CXCL9,5.098545491452759e-4
BMP7,5.078476984695255e-4
ASTN1,5.048064739739355e-4
TRHDE,5.038515752624209e-4
C7orf57,4.995114080006157e-4
NDUFB4P11,4.987998800620908e-4
AL117329.1,4.953367222145233e-4
WIF1,4.95204861465798e-4
NLRP2,4.94793765325448e-4
CDHR3,4.907133941271174e-4
AC011298.1,4.886953531102683e-4
FAM81B,4.8572315421630517e-4
WNT6,4.8308347463624847e-4
PROM1,4.8128127195557326e-4
PCAT14,4.782899978418347e-4
RBP4,4.771957001240792e-4
AC026336.3,4.771482701291494e-4
SRARP,4.7702843278237575e-4
SCGB1D2,4.745511330436263e-4
RNF182,4.7434263749805705e-4
SLC47A1,4.726536507188335e-4
SCNN1B,4.6441622494962045e-4
AC025580.1,4.6416432527337625e-4
IGHM,4.6363586724497386e-4
`IGLV2-14`,4.5606690057071894e-4
LRRC3B,4.5601019297684584e-4
CHRDL2,4.5529259962647515e-4
TEKT1,4.546205228756615e-4
C11orf16,4.5294686077335355e-4
IRX3,4.5224123463708833e-4
AGR2,4.5033181610178066e-4
MS4A1,4.484129907939125e-4
SP7,4.4701720778000785e-4
SLC6A2,4.370210124194871e-4
AOC1,4.3379621413195736e-4
FCRL5,4.275275891454533e-4
KIF1A,4.1959664796549734e-4
SPAG17,4.1792877224538973e-4
HOXC10,4.179222160864535e-4
CTSE,4.089646910001765e-4
CECR2,4.081091214914128e-4
HOXA9,4.0490790604006045e-4
AL157931.1,4.0486883693623566e-4
BRINP2,4.019360586717884e-4
DCAF12L1,4.0117150071487464e-4
SEZ6L,3.989205455398066e-4
CHIA,3.9550148233296234e-4
`IGKV3-15`,3.923743837941267e-4
CYP4F3,3.905616517754586e-4
AKAP14,3.891745797729731e-4
PLA2G2D,3.8750257167224976e-4
FGF9,3.859990296307694e-4
SIX3,3.808354728595831e-4
IGLC2,3.7492032626456197e-4
AL713852.1,3.7463154579426774e-4
`IGLV1-47`,3.7064782229631165e-4
`LHX1-DT`,3.7024572649572643e-4
SYT14,3.6973752988814977e-4
SPAG6,3.697038513037694e-4
NELL1,3.6738956887102714e-4
SMIM6,3.673205797470509e-4
`SRGAP3-AS2`,3.6714661344092913e-4
WNT16,3.655500828727447e-4
CLDN16,3.654576824882625e-4
CST2,3.654413043708278e-4
CRISP3,3.650710782737434e-4
Z99496.1,3.6212147502238403e-4
AL033530.1,3.568583961290817e-4
CA6,3.5620159343137403e-4
MAL,3.5610677214771444e-4
SNTN,3.5483396460624084e-4
KRT83,3.5250402447343875e-4
GLYATL3,3.5248034218059e-4
BEX1,3.5173803390317794e-4
LINC01480,3.516111928148693e-4
LINC02167,3.508426539779876e-4
TMEM213,3.505322270184494e-4
LINC01036,3.4921720927015933e-4
PLD5,3.4855874964092237e-4
HNF1A,3.480994767666301e-4
LINC01436,3.472990368485338e-4
HOXC6,3.459169719169717e-4
SPON1,3.454552866426148e-4
GAS2L2,3.4431094980651866e-4
CALML3,3.419954520822306e-4
CHRDL1,3.3966976610941854e-4
H19,3.3837679967091725e-4
HABP2,3.3679784051882854e-4
FMO2,3.3630046604476196e-4
BPIFB2,3.357699537488905e-4
SCGB1A1,3.3560850091376814e-4
`IGLV3-10`,3.3432358632477663e-4
`HOXA-AS3`,3.3303744350634526e-4
GSTA1,3.2920351277097783e-4
TRIM58,3.279067548958454e-4
CRYBA4,3.2553989132748937e-4
LINC01806,3.240156036607034e-4
`IGKV3-20`,3.2188209796909237e-4
MAP3K19,3.210466510572629e-4
LINC01833,3.2094739200385746e-4
MUC5AC,3.208673571549596e-4
ROPN1L,3.1742561207175204e-4
ADAMTS19,3.162275522068529e-4
`TRHDE-AS1`,3.152272824267708e-4
IGHG4,3.1473966233600323e-4
AC007906.2,3.110618500480671e-4
PNMT,3.1058004914773707e-4
AC008060.4,3.097705286872652e-4
CST1,3.0717009894074774e-4
NPAS3,3.066199253712394e-4
AMBP,3.060596585509041e-4
`UMODL1-AS1`,3.0549711505376155e-4
AL357093.2,3.0094789124639854e-4
C1QL4,3.0075007273417363e-4
VSNL1,3.004127573196007e-4
PLPPR3,2.9999540657470793e-4
CXCL17,2.9966783056023006e-4
HOXC9,2.976518391749161e-4
IGDCC3,2.9645826220762284e-4
LINC02418,2.9212447352518846e-4
CHRM2,2.8626916142643897e-4
FAM216B,2.8416140036434135e-4
SP3P,2.8324938949938973e-4
VNN1,2.822270290486053e-4
C20orf85,2.811131469114416e-4
SOX11,2.783821875025736e-4
APCDD1L,2.7637319680663317e-4
HYDIN,2.730781062762484e-4
`IGHV3-73`,2.7094466078484336e-4
CROCC2,2.7053597884506655e-4
TUBB2B,2.7048003315044465e-4
CPLX2,2.689810238560206e-4
IGHJ2,2.684006587740191e-4
GLDC,2.656664865436238e-4
`IGLV3-21`,2.6548803857547076e-4
IGHG3,2.6546970233408927e-4
AC016769.5,2.6485418276891195e-4
BARX2,2.647780422778081e-4
MTRNR2L8,2.5925553894763854e-4
NLRP7,2.568994105832416e-4
FGF19,2.553217447725862e-4
TENM1,2.5481208249942286e-4
LBP,2.54603230619449e-4
`IGKV1-6`,2.5444625542815944e-4
IGHGP,2.501634854480601e-4
PIGR,2.4889780562706233e-4
CIBAR2,2.485444000505794e-4
KRT4,2.483030285357293e-4
PRSS1,2.467174523092115e-4
`IGHV3-23`,2.4606527062590765e-4
PADI1,2.459146850653793e-4
DRC1,2.457194298297256e-4
CFAP299,2.450393987687869e-4
WNT11,2.4471736716668267e-4
SRD5A2,2.432662696197172e-4
`IGLV3-25`,2.4273330790724267e-4
CXCL5,2.4189719567656765e-4
LINC01518,2.4160848384216483e-4
MKRN3,2.4139990484271047e-4
CFTR,2.4108660361486334e-4
ENPP3,2.4030847091200514e-4
FGF4,2.4019016191868857e-4
ITIH2,2.3881309650433913e-4
CDH22,2.3874780874791224e-4
FRMPD1,2.3840132609483322e-4
LRP4,2.3724245949779642e-4
SCGB1D4,2.3689851786369597e-4
LGR5,2.3503191276551648e-4
KIF19,2.3420268404857446e-4
MTRNR2L1,2.3323768176709337e-4
DMBT1,2.3301728808425005e-4
`IGLV3-1`,2.3296825282470636e-4
STAC2,2.3280550491551933e-4
USH1C,2.323141169028571e-4
DNAI2,2.3174912820518823e-4
NXF3,2.3095797131378993e-4
OVGP1,2.2954274167714007e-4
EPHA7,2.2743519279515745e-4
PKHD1L1,2.2721822350421105e-4
SHISA9,2.2663089601210906e-4
SP8,2.2626391850272398e-4
`IGKV1-16`,2.2562699864127556e-4
CALML5,2.2503122428495548e-4
FGL1,2.2424663743534802e-4
LINC01765,2.2275279915124125e-4
AL365259.1,2.224861288890414e-4
HOXC11,2.2124434303434027e-4
TUNAR,2.212083705795973e-4
`IGKV1-27`,2.1951235951690263e-4
DPP10,2.1912495065165615e-4
LY6G6C,2.1820382607339118e-4
DISP3,2.174075136112885e-4
CLDN10,2.1665087430014274e-4
TEKT4,2.1528883018438448e-4
DNAH12,2.1479545355518258e-4
`CCDC144NL-AS1`,2.141025053945662e-4
PAX2,2.1379091324495047e-4
ZNF385B,2.133447404992781e-4
CEACAM21,2.1309613108037406e-4
EN2,2.1296444822627758e-4
CP,2.10933881001516e-4
PRKCG,2.098626824864056e-4
KCNJ15,2.094436514607787e-4
DNAAF6,2.0892446520766783e-4
PKP1,2.0869540249204445e-4
LINC00648,2.0850145034927593e-4
C6orf15,2.0832753510591483e-4
ANXA8,2.0827972217851064e-4
IGKJ4,2.08042300165588e-4
CLPSL1,2.0520771562751206e-4
HOXB13,2.0504201680672285e-4
ZBED9,2.0441982879866848e-4
MB,2.0307386637583158e-4
IGLJ2,2.0285674551716171e-4
`IGHV1-2`,2.013265853845567e-4
IGF2BP1,2.005376254044493e-4
ZSCAN1,2.0041018916150288e-4
HOXB9,1.9927804697503503e-4
AL596442.3,1.9834857716367904e-4
VWDE,1.9748935989348393e-4
TCN1,1.9665924199257568e-4
MUCL1,1.9594167342220636e-4
COL9A1,1.9361851601468728e-4
NEUROG2,1.920904936564054e-4
NCAM1,1.9111495675928737e-4
CFAP97D2,1.905519242514353e-4
SCEL,1.898464900881782e-4
SLC6A14,1.898419281949919e-4
PCDH10,1.8965588323896965e-4
PTGS2,1.8941684500381828e-4
A2ML1,1.878007189523343e-4
NAPSB,1.8729164997716952e-4
`IGHV4-34`,1.8682621790871014e-4
PRODH,1.8670385186326532e-4
UGT2B7,1.8662280245820728e-4
`IGKV3-11`,1.85549686023321e-4
CDH18,1.8522742815359593e-4
MARCHF10,1.8498360534400303e-4
PIK3C2G,1.8139365157159016e-4
PLEKHS1,1.8108792882021429e-4
B3GNT3,1.7994094523825942e-4
ELF5,1.7894870628840142e-4
STMND1,1.7860525497289515e-4
CHIT1,1.783266405436903e-4
ATP6V0A4,1.781807901184045e-4
KRT31,1.7670634920634854e-4
AMH,1.7665261258263554e-4
SLC14A1,1.7612715942622191e-4
CHMP1B2P,1.759551076249368e-4
MSLN,1.7585841122121494e-4
HOXA5,1.7497459949958482e-4
FAM189A1,1.747556739487517e-4
SPINK1,1.7326620863417097e-4
CACNG5,1.7247180984560285e-4
B3GALT5,1.721005737358756e-4
`IGHV4-59`,1.7166533769794666e-4
DMBX1,1.712523048698209e-4
SIX2,1.7109132770247259e-4
`IGHV3-33`,1.7091354820102423e-4
LY6D,1.6928199061415073e-4
AL357507.1,1.690826665788676e-4
LRRN1,1.678062764085162e-4
LDLRAD1,1.6770443918331178e-4
PAEP,1.6750331244317417e-4
`ANKRD44-AS1`,1.6746586025510846e-4
APOBEC4,1.6710327459483688e-4
SFRP5,1.650737032539451e-4
LRP2,1.6313592732450434e-4
UPK1B,1.626814243415642e-4
UGT2B17,1.6224502185526935e-4
TTC6,1.6223378748710983e-4
CES1,1.6188896827959854e-4
COX20P1,1.5857825769493794e-4
`IGLV3-19`,1.56732919918829e-4
LRRTM1,1.5631517008217412e-4
CALN1,1.562061421216352e-4
PTH2R,1.5538535936942478e-4
PPARGC1A,1.5418457117873373e-4
C1orf189,1.5400522392348192e-4
CXCL6,1.540027293035633e-4
FMO6P,1.5394881879851407e-4
`IGKV3D-20`,1.5369133845943007e-4
MIR31HG,1.5322278735762574e-4
`IGKV2-24`,1.526408414420304e-4
KRT5,1.522410825042404e-4
GDA,1.514812819347744e-4
ALPG,1.5120693164709232e-4
C16orf89,1.5053027216903447e-4
IGHJ4,1.49947438642551e-4
GATD3A,1.480445524624634e-4
C11orf97,1.4661796786597759e-4
TOX3,1.4641053391053417e-4
MS4A8,1.4636489201285953e-4
MSMB,1.461798760600128e-4
ADGRG2,1.4588609997414205e-4
MROH2A,1.4552930222047866e-4
AC004832.1,1.4551216806752952e-4
VNN3,1.4445008430022854e-4
SLC5A12,1.4400885184467295e-4
ATP2B2,1.436882468708629e-4
PI3,1.420018950702757e-4
FXYD4,1.4114203260494928e-4
CYP4F11,1.404724380552882e-4
IGKJ1,1.4034300513776743e-4
KRT8P36,1.4016501673632975e-4
SCTR,1.3950059602233566e-4
CSF3,1.3921440805072494e-4
ZMYND10,1.385701475604717e-4
LINC01513,1.3839225030196412e-4
TRIM15,1.3837346898941117e-4
GABRP,1.3825383841540285e-4
`IGHV1-58`,1.3793611212003953e-4
FBN3,1.3756425620244905e-4
GPX2,1.370364606380612e-4
MUC13,1.3542723659732791e-4
LEFTY1,1.3337993217213672e-4
SLC7A2,1.3302784346584716e-4
OPRK1,1.3278984058794663e-4
DKK1,1.3278909053556908e-4
TNNI3,1.3261793473778294e-4
UBBP4,1.3013045134006184e-4
FAM163B,1.2778715242928952e-4
MTND1P23,1.2760807741408087e-4
MSLNL,1.2726395409494028e-4
SLC30A2,1.270990400073062e-4
CDH16,1.2709698609241981e-4
AL121956.7,1.262135237840083e-4
`IGLV9-49`,1.2509778405090554e-4
OBP2B,1.2496608779128415e-4
NPIPB15,1.2480638702504576e-4
ERN2,1.2425922584373295e-4
RELN,1.2383669744826076e-4
TAC1,1.2359416038878356e-4
INA,1.224231509244278e-4
HHLA2,1.22113289187864e-4
LINC00488,1.2139908675799104e-4
SCN1A,1.2089889655260721e-4
ALKAL2,1.2037699700256476e-4
COL25A1,1.197300322323942e-4
IGF2,1.1939209135287631e-4
DLX3,1.1826163794896916e-4
FAM166B,1.1693678559350218e-4
IGHJ3,1.1687619902768964e-4
CST4,1.1679836778165687e-4
GSTM1,1.1575091575091578e-4
JCHAIN,1.1516155758077851e-4
HTR3A,1.1514293171656931e-4
TMEM132C,1.1487418931627324e-4
SPRR3,1.1485166139640657e-4
ELFN2,1.1468229580389356e-4
AL365357.1,1.1452759197324402e-4
MMP10,1.144313769967451e-4
AC108752.1,1.1421377008514866e-4
AC103702.2,1.142132247980674e-4
MT3,1.1338725417139962e-4
SCGB1D1,1.1298871443647585e-4
IL5RA,1.1284180660992283e-4
FAM83A,1.1272244198924319e-4
PTPRT,1.1255156847612669e-4
KRT16,1.1228109903381655e-4
AD000090.1,1.1190476190476217e-4
RIIAD1,1.1169791188207401e-4
AC069404.1,1.1121261885035683e-4
SPRR2A,1.1117728806829485e-4
ADH1C,1.1098081023454154e-4
CALCB,1.1042668789147635e-4
GALNT14,1.1030628213726823e-4
RBFOX3,1.0958983045939586e-4
FUT6,1.0858615623389478e-4
TFF1,1.0790103293850839e-4
CACNG6,1.0713038920805396e-4
`IGHV4-55`,1.069909267111988e-4
SLITRK4,1.0676643238832262e-4
FRRS1L,1.0645510131488467e-4
LCN2,1.0623676187024089e-4
`IGLV1-40`,1.0528937720267506e-4
ADCYAP1R1,1.0426715437882294e-4
DES,1.0392777175875744e-4
KRT6C,1.037248544154985e-4
TGM7,1.0279079058843044e-4
KLK11,1.0276015253843518e-4
TUBA4B,1.0107726423902897e-4
GJB6,9.891103345676266e-5
ADGB,9.838064128963376e-5
CEACAM5,9.834716909560948e-5
FOXB1,9.754284082142561e-5
TPPP3,9.733659132448125e-5
PRSS21,9.677219775490009e-5
EEF1A2,9.623286796561547e-5
`BMPR1B-DT`,9.544586606022376e-5
AACSP1,9.537369439355147e-5
`B3GAT1-DT`,9.491547297275727e-5
SPINK5,9.439457059594348e-5
DNAI1,9.422715770541834e-5
ALOX15,9.390834614989374e-5
AC106875.1,9.365286603071343e-5
NUS1P2,9.355728896993187e-5
SLC22A16,9.325629081063869e-5
AL365181.3,9.311125148676225e-5
`IGHV1-18`,9.30840628230849e-5
OGN,9.29992492492493e-5
ZIC1,9.293350683813006e-5
CALCA,9.291450180330552e-5
PROX1,9.288569938033708e-5
CXCL1,9.26822297229033e-5
MUC4,9.258972584579972e-5
XDH,9.184233492691196e-5
PKD1P5,9.117267708817001e-5
AL079338.1,9.037533295910083e-5
IGLC3,8.955223880596997e-5
ACADL,8.953676592090164e-5
RIMBP2,8.923275161666267e-5
IGHJ6,8.832616658703585e-5
`HNF1A-AS1`,8.792136618223556e-5
C6orf118,8.763446821848442e-5
`FEZF1-AS1`,8.608127908683972e-5
AGTR2,8.606262197811443e-5
`IGHV3-66`,8.546649897454283e-5
`IGHV1-69D`,8.505922292992784e-5
EPS8L3,8.449136008918612e-5
COMP,8.437688922810205e-5
CEACAM6,8.428234572600757e-5
PGAP4,8.425407479603098e-5
HTR6,8.369935780871995e-5
LIN28B,8.356607728311305e-5
SPINK6,8.354992713201658e-5
C9orf135,8.349219458888468e-5
FOLR1,8.324983347372905e-5
LINC01320,8.294710437200892e-5
OCA2,8.286191444118996e-5
`IGHV3-21`,8.264887182881986e-5
AC011447.7,8.26333225274285e-5
SAA1,8.231205414304e-5
CDC20B,8.113032286945353e-5
`IGHV4-28`,8.033506541860458e-5
CERNA2,7.939580438091465e-5
SMOC1,7.928533665394544e-5
ALPP,7.926648027428328e-5
GRB14,7.907114024414863e-5
S100A7,7.740447957839236e-5
CTNND2,7.697205503690374e-5
WDR49,7.634016953474875e-5
LYPD2,7.605631801901035e-5
PDZK1IP1,7.564690564690602e-5
`IGHV3-48`,7.410744072683074e-5
TCTE1,7.385558372760114e-5
C5orf49,7.380833925610064e-5
GBA3,7.353793321935064e-5
DSG3,7.324486602314528e-5
`IGKV1-17`,7.239823960095527e-5
FAR2P1,7.149061591875606e-5
HOXA7,7.140368193450385e-5
USH1G,7.113801998667335e-5
PRSS56,7.070986346454311e-5
TRH,7.036334154978286e-5
JSRP1,6.990004184304355e-5
IGHG2,6.948703465591355e-5
DMRTA1,6.929453225105386e-5
KLK1,6.858752450242322e-5
TRDC,6.825396825396846e-5
ANKUB1,6.719239525968623e-5
SPRR2D,6.686910535754586e-5
SLC66A1L,6.668457797313975e-5
SCGB3A1,6.65571648747636e-5
REG1A,6.633894892084236e-5
`NKX6-3`,6.585546927952568e-5
LRRC15,6.534158875949902e-5
WT1,6.331298197588465e-5
CATSPERD,6.325794917983551e-5
APOD,6.28173425368539e-5
AC022031.2,6.257428208173121e-5
`IGKV1D-13`,6.25298576328328e-5
CCDC60,5.8725148899914314e-5
AC010789.1,5.8571052208300724e-5
PSCA,5.758077879038948e-5
FP236383.5,5.715287517531586e-5
`IGLV2-11`,5.703804211266905e-5
GALNT17,5.688927085477924e-5
EREG,5.67404426559357e-5
S100P,5.664738464987962e-5
LHX1,5.6419942669942766e-5
TBX1,5.564801643748995e-5
CYP2W1,5.5598455598455886e-5
DPP6,5.549177190968258e-5
IRX6,5.522903082929065e-5
MFAP5,5.487815783590433e-5
`IGHV4-31`,5.479452054794498e-5
ZIC4,5.4725075939585866e-5
KCNG1,5.451392895867602e-5
`IGKV1-9`,5.4155644363823806e-5
CEACAM7,5.4106287337757354e-5
SERPINA5,5.396659296175788e-5
ATP10B,5.3448224648303236e-5
`IGHV4-61`,5.306381098172186e-5
POF1B,5.3058216654384706e-5
RPL10P9,5.3029843653034534e-5
DSCR8,5.263157894736836e-5
HP,5.188101883518437e-5
LAMA1,5.146112634539146e-5
GRIA2,5.098038938390914e-5
AKR1C2,4.887702953834139e-5
`AFAP1-AS1`,4.886074800290463e-5
VSIG2,4.869072369072325e-5
SULT4A1,4.8527789977065525e-5
CYP2B7P,4.623436043859463e-5
CLDN2,4.5591156515233375e-5
LINC00960,4.552820320456519e-5
GATA5,4.539584651064743e-5
IGLJ3,4.531265242415361e-5
TUSC8,4.528794588496132e-5
HNF4A,4.523536165327213e-5
`IGLV2-23`,4.502226473595661e-5
KLK12,4.4962116032698065e-5
`IGHV1-46`,4.410540465375012e-5
PAGE4,4.3318152171622384e-5
PRSS33,4.317682450910576e-5
FABP4,4.3046712543143074e-5
MUC16,4.268261518654515e-5
AL365181.2,4.1445898914342024e-5
`IGKV1D-8`,3.9926020088163036e-5
CCDC78,3.946758625223179e-5
`IGLV1-44`,3.8290975995598055e-5
`IGHV3-72`,3.8126416295430454e-5
`IGHV3-20`,3.6195594426732034e-5
DEFB1,3.595130359836229e-5
MUC15,3.573363209962821e-5
KCNJ16,3.5706084959816085e-5
LINC00491,3.469079939668185e-5
OBP2A,3.4548611111111295e-5
OOEP,3.433098591549277e-5
GRIN3B,3.431792237442854e-5
SFRP2,3.4185912836808494e-5
`IGHV3-53`,3.361722461140615e-5
SIX1,3.3462996218736274e-5
AL354863.1,3.296902372989341e-5
LINC00645,3.289286096399713e-5
WDR38,3.288972191518291e-5
CYP2B6,3.225806451612922e-5
CDHR1,3.1828114689747446e-5
TCEAL2,3.182530356443403e-5
RSPH4A,3.105948637665046e-5
LRRC31,3.055001264719914e-5
C1orf194,3.0434942011391408e-5
CTXND1,2.9856772035547596e-5
CFAP77,2.972594462928635e-5
AC010970.1,2.898550724637694e-5
HS3ST6,2.857142857142847e-5
KLK5,2.8425536537151964e-5
LGALS4,2.799920850294013e-5
LGSN,2.781292375812905e-5
FAM3D,2.756849347608825e-5
KRT6B,2.7104219980932155e-5
LMO3,2.6968217406376115e-5
TRIM55,2.673319327731094e-5
FAIM2,2.5850048332008102e-5
FOXA1,2.5160659888935565e-5
FABP6,2.5017253278122543e-5
SERPINB5,2.4614433816724234e-5
CASC9,2.4558354399903725e-5
RIMS4,2.4002788161271882e-5
SEMA3E,2.2620599422792154e-5
IGLC7,2.2456819157571805e-5
SERPINA3,2.2093396858541726e-5
SLITRK2,2.107375136629175e-5
`IGLV6-57`,2.104147608899276e-5
MMP3,2.08995704623709e-5
HOATZ,2.0815011593088072e-5
RHCG,2.035278154681186e-5
CFAP73,2.0159206396502592e-5
CDH2,2.004219409282726e-5
RGR,1.9030879514750464e-5
LPAR3,1.828197406124721e-5
MUC6,1.802816901408444e-5
`BBOX1-AS1`,1.7926278105358408e-5
APOA1,1.7274186894440602e-5
CNTNAP2,1.6264252179745143e-5
PHYHIPL,1.520721318099505e-5
`IGLV8-61`,1.5160321611934479e-5
DOC2A,1.5151119808654245e-5
GABRA3,1.4873686215434612e-5
AC018865.2,1.483393841602787e-5
`IGKV1-5`,1.4380144882562229e-5
CRYM,1.4377230319296607e-5
CNTN3,1.3902095729456665e-5
LMX1A,1.3063973063973e-5
`IGKV2D-29`,1.2852404643449278e-5
CHST9,1.274993301929106e-5
ADH1B,1.2519561815336422e-5
BPIFB1,1.209420045560794e-5
SFRP4,1.1695171026157468e-05
EFCAB1,1.0850926766419633e-5
RRAD,1.0834657062422038e-5
ST8SIA2,1.0425296879314815e-5
`IGHV3-64D`,1.042217484008523e-5
`IGHV3-13`,8.765296556380254e-6
`IGHV3-11`,8.480888137004871e-6
FOXN4,8.039978202949883e-6
RHOXF1P1,7.768361581921069e-6
IGHA1,7.1279678149642756e-6
SLITRK5,5.036395829234763e-6
SLC18A3,4.525507564288267e-6
AC011447.3,4.060282919357672e-6
DTHD1,3.8003762519460693e-6
ANKRD66,3.2433532168976155e-6
GABRG3,2.6792188025066556e-6
PDIA2,1.4708669359755344e-6
GSTA9P,1.0228213595457891e-6
`IGHV1-24`,4.1313328984537987e-7
SPRR1B,0
GP2,0
SERTM2,0
CFAP65,0
PCP4,-3.254938956105402e-7
AL591846.1,-3.608331966538092e-7
DCHS2,-3.7678099908311504e-7
FGA,-3.84550676568729e-7
CCDC198,-1.8382352941177515e-6
ZNF626,-2.250907387893797e-6
FBN2,-2.265595101415885e-6
`IGHV3-15`,-2.5241288382109594e-6
LRAT,-3.0769883711063706e-6
PRSS2,-3.667763702975169e-6
PAX9,-3.723354560301706e-6
`B3GALT5-AS1`,-3.996920161099427e-6
ADAM23,-4.079938326513543e-6
`IGHV3-30`,-4.089815164649346e-6
CA10,-4.301140746153953e-6
`IGLV4-60`,-4.71900471900466e-6
CFAP46,-5.497251374312784e-6
ADAMTS8,-5.97426470588247e-6
SP9,-6.054841656246479e-6
FAM83B,-6.104390322812403e-6
LINC02562,-7.590790998999397e-6
LINC01748,-7.700895809679142e-6
ORM2,-7.78115891979203e-6
CFAP74,-8.169014084506987e-6
PYY,-8.479545449887827e-6
GREM2,-9.594026954243384e-6
ANKRD34B,-9.806316211241616e-6
NCCRP1,-9.902597402597468e-6
`IGHV2-5`,-1.2069716775599426e-5
FOXG1,-1.2543978944234757e-5
KLK10,-1.2602645207717922e-5
LRRC74B,-1.281000052603276e-5
LINC01163,-1.3651691375896836e-5
KRT75,-1.4424575684635732e-5
C1orf87,-1.4432542124667603e-5
ORM1,-1.5412318353495323e-5
TTC29,-1.587301587301604e-5
VIL1,-1.5952543068092018e-5
HMGA2,-1.6487507697196648e-5
PLG,-1.6717743785903184e-5
RSPO3,-1.8673658868634922e-5
ANKS4B,-1.8941655359566044e-5
AC110285.2,-1.9019874975391815e-5
IGHA2,-1.9288525269262946e-5
LCAL1,-1.976332940637193e-5
CHGA,-2.0557642982195868e-5
DRC7,-2.2073991634341983e-5
MSX2,-2.2384355767322006e-5
PIP,-2.2780832678712005e-5
SLC44A5,-2.28421375711898e-5
AKR1B10,-2.3795822126170708e-5
RIMS2,-2.4064035803166738e-05
DDX43,-2.564102564102555e-5
ZBBX,-2.569973905742162e-5
COL2A1,-2.6625506463438198e-5
CHRM3,-2.7027027027026752e-5
CCKBR,-2.7706189549149053e-5
COL11A1,-2.797943633630351e-5
`IGHV3-49`,-2.8659561039353855e-5
PAX6,-2.929851409851425e-5
LHX9,-2.9487422044706113e-5
FGB,-2.9850746268656582e-5
`IGLV7-46`,-3.0362891425226747e-5
AC005993.1,-3.0375180375179944e-5
`IGHV7-4-1`,-3.039748508098894e-5
SOSTDC1,-3.06579259209101e-5
RXRG,-3.086556208230462e-5
CAPN6,-3.190979425840923e-5
COL26A1,-3.3472508281242596e-5
SIAH3,-3.400644816349696e-5
CACNG4,-3.406843879104171e-5
BASP1P1,-3.4281767595026657e-5
S100A8,-3.45760839547089e-5
AKR1C1,-3.5438264221159256e-5
HORMAD1,-3.593570608495988e-5
AC147055.1,-3.595402029750172e-5
POU3F3,-3.6404902191814026e-5
LTF,-3.708153490569721e-5
IGHD,-3.719455948394157e-5
`IGHV4-4`,-3.7784662975863806e-5
TFF2,-3.838484546360954e-5
GUCY1B2,-3.876957267362413e-5
SAA2,-3.9832061213640914e-5
`IGHV1-3`,-4.055796669726841e-5
SIK1,-4.057458348765897e-5
PZP,-4.064655223642899e-5
GMNC,-4.1269841269841124e-5
FGF14,-4.160953338736073e-5
DDC,-4.2374193548387005e-5
CAPSL,-4.2750314340546325e-5
AC104809.1,-4.3778443778443646e-5
ENKUR,-4.5143377613179994e-5
PADI3,-4.560258668994322e-5
CCDC187,-4.5671392676321476e-5
PITX2,-4.56847345418494e-5
TMEM190,-4.730831417712023e-5
CDHR4,-4.78010074334898e-5
MMP26,-4.801501451053003e-5
HNF1B,-4.929781909316522e-5
SFTA2,-4.9485769921629785e-5
ALX4,-4.9763089530789674e-5
`IGHV3-43`,-5.1014526815292395e-5
KRT14,-5.146414331351434e-5
CCL20,-5.1512369212761924e-5
SERPINB3,-5.197853789403117e-5
TFAP2B,-5.238394228361387e-5
SHANK1,-5.341044039674192e-5
C1orf158,-5.4383396716799925e-5
RFLNA,-5.450204132877712e-5
PKHD1,-5.5030491368592834e-5
`IGKV1-8`,-5.52357929473164e-5
TBC1D3L,-5.587818055092298e-5
PRAC2,-5.592185592185594e-5
ZIC2,-5.612447487578876e-5
C6,-5.6168334285020104e-5
SPRR1A,-5.663457202726718e-5
`IGLV4-69`,-5.663787819307609e-5
`IGHV5-10-1`,-5.670603028811971e-5
HPGD,-5.82379593628497e-5
ASPG,-5.886801148772913e-5
ABO,-5.945580311777454e-5
OLFM4,-5.965914074019496e-5
PSPHP1,-5.9948675101456186e-5
MORN5,-6.080779527676805e-5
`IGKV1-12`,-6.155303030303028e-5
CYP24A1,-6.177239249227862e-5
CRLF1,-6.183544997124502e-5
TUBA3D,-6.219280299836228e-5
MUC5B,-6.317108572690388e-5
CES3,-6.345106689589652e-5
ODAM,-6.346153846153824e-5
SPOCK3,-6.55191696082198e-5
RPSAP53,-6.628130443834523e-5
TRIM31,-6.673502070754167e-5
LINC01291,-6.699525964231868e-5
`IGLV10-54`,-6.801721507603808e-5
`IGHV3-74`,-6.900988017658171e-5
CCNA1,-7.099551842205876e-5
C9orf24,-7.147166485325984e-5
TUBA3E,-7.158937776472186e-5
TNNT3,-7.173661715995783e-5
`IGLV2-8`,-7.240114358051564e-5
`IGLV5-45`,-7.34827264239033e-5
LINC00237,-7.422578936645419e-5
SYT8,-7.434602775765775e-5
SOX2,-7.614683147408918e-5
C4orf54,-7.664213864213876e-5
`IGLV1-36`,-7.743032465601596e-5
`IGLV3-27`,-7.906530089628672e-5
CUX2,-7.962473347547982e-5
FGFBP1,-8.042351330203457e-5
C22orf15,-8.11629313145532e-5
LINC00930,-8.128595294300656e-5
FAM183A,-8.135990198626253e-5
ANGPTL1,-8.230683226008085e-5
PCDHGB5,-8.410627533788273e-5
`IGLV2-18`,-8.643565123979635e-5
SLC13A5,-8.711208629519862e-5
CCL21,-8.730158730158721e-5
`IGHV6-1`,-9.11277968043922e-5
`IGLV2-28`,-9.115981236942306e-5
HMGCS2,-9.169707247717418e-5
CABCOCO1,-9.357116796636266e-5
CLCA2,-9.389341308181875e-5
SIM2,-9.505709949044116e-5
C10orf99,-9.885822257841914e-5
LRRC10B,-9.898841245672197e-5
MUC2,-9.91710118401279e-5
ATRNL1,-9.95429203564795e-5
CDX2,-1.0063804902551254e-4
`IGLV7-43`,-1.0213845401174204e-4
`IGKV6-21`,-1.0257489081507565e-4
GFRA3,-1.0843175429889928e-4
`IGHV3-7`,-1.115139601440971e-4
SEMA3D,-1.1214686867422552e-4
LGR6,-1.166923459795497e-4
ASIC2,-1.1807462980152627e-4
IVL,-1.1904761904761929e-4
TMEM252,-1.1944770743637644e-4
CFAP100,-1.1985497420769242e-4
LCN15,-1.212972405055468e-4
SLC4A4,-1.213733667758079e-4
`IGHV2-70D`,-1.2198341401510349e-4
KRT13,-1.2365432141133814e-4
ADGRL3,-1.2487394957983188e-4
AC104692.1,-1.301531023368252e-4
SLC22A31,-1.3083166109253085e-4
PCDHA4,-1.3642004753676074e-4
CRABP1,-1.3694126912816064e-4
MNX1,-1.4688322666672727e-4
HOXC4,-1.4914237579953938e-4
`IGHV2-26`,-1.5414462081128754e-4
SHH,-1.755688081684288e-4
`IGKV2-30`,-1.7580088080407764e-4
`IGLV3-9`,-1.788316610925307e-4
LEFTY2,-2.04168557722479e-4
CALB1,-2.0935254464666243e-4
RNF128,-2.3721764346764342e-4
PLXNA4,-2.3921654993183815e-4
AC119673.2,-2.4809838534130903e-4
LINC02814,-2.563084246883134e-4
`IGHV1-69`,-2.573193722867888e-4
BMP5,-2.66224318816203e-4
CAPN13,-2.8895965663260624e-4
PEG10,-2.9226383261912113e-4
NTS,-3.0376287576203473e-4
UCA1,-3.2131142596792463e-4
AZGP1,-3.648640580376823e-4
