Barcode,Subtype,Dataset
TCGA-A5-A0G5-01A-11R-A040-07,CN_high,Training
TCGA-A5-A0G9-01A-11R-A040-07,Hypermutated,Training
TCGA-A5-A0GA-01A-11R-A040-07,Hypermutated,Training
TCGA-A5-A0GJ-01A-11R-A040-07,CN_high,Training
TCGA-A5-A0GN-01A-11R-A040-07,CN_high,Training
TCGA-A5-A0GP-01A-11R-A040-07,Hypermutated,Training
TCGA-A5-A0GQ-01A-11R-A118-07,CN_low,Training
TCGA-A5-A0GU-01A-11R-A16W-07,CN_low,Training
TCGA-A5-A0GV-01A-31R-A16W-07,CN_low,Training
TCGA-A5-A0GW-01A-11R-A16W-07,Hypermutated,Training
TCGA-A5-A0GX-01A-11R-A040-07,CN_low,Training
TCGA-A5-A0R7-01A-31R-A16W-07,CN_high,Training
TCGA-A5-A0R8-01A-11R-A104-07,CN_low,Training
TCGA-A5-A0R9-01A-11R-A104-07,CN_low,Training
TCGA-A5-A0VP-01A-21R-A104-07,Hypermutated,Training
TCGA-A5-A0VQ-01A-11R-A104-07,Hypermutated,Training
TCGA-AJ-A23M-01A-11R-A157-07,CN_high,Training
TCGA-AP-A051-01A-21R-A00V-07,Hypermutated,Training
TCGA-AP-A052-01A-11R-A00V-07,CN_high,Training
TCGA-AP-A053-01A-21R-A00V-07,CN_high,Training
TCGA-AP-A054-01A-11R-A16W-07,Hypermutated,Training
TCGA-AP-A059-01A-21R-A118-07,Hypermutated,Training
TCGA-AP-A05A-01A-11R-A00V-07,CN_high,Training
TCGA-AP-A05D-01A-11R-A00V-07,CN_high,Training
TCGA-AP-A05J-01A-11R-A00V-07,CN_high,Training
TCGA-AP-A05N-01A-11R-A00V-07,Hypermutated,Training
TCGA-AP-A05P-01A-11R-A16W-07,CN_low,Training
TCGA-AP-A0L8-01A-11R-A040-07,CN_high,Training
TCGA-AP-A0L9-01A-11R-A040-07,CN_high,Training
TCGA-AP-A0LE-01A-11R-A104-07,Hypermutated,Training
TCGA-AP-A0LF-01A-11R-A118-07,CN_high,Training
TCGA-AP-A0LI-01A-11R-A040-07,CN_high,Training
TCGA-AP-A0LJ-01A-11R-A040-07,CN_low,Training
TCGA-AP-A0LL-01A-12R-A104-07,CN_low,Training
TCGA-AP-A0LM-01A-11R-A118-07,Hypermutated,Training
TCGA-AP-A0LN-01A-11R-A040-07,CN_low,Training
TCGA-AP-A0LO-01A-11R-A040-07,CN_low,Training
TCGA-AP-A0LP-01A-12R-A104-07,Hypermutated,Training
TCGA-AP-A0LT-01A-11R-A040-07,Hypermutated,Training
TCGA-AP-A0LV-01A-11R-A040-07,CN_low,Training
TCGA-AX-A05S-01A-11R-A00V-07,Hypermutated,Training
TCGA-AX-A05T-01A-11R-A00V-07,CN_low,Training
TCGA-AX-A05U-01A-11R-A00V-07,CN_low,Training
TCGA-AX-A05Y-01A-11R-A00V-07,Hypermutated,Training
TCGA-AX-A05Z-01A-11R-A00V-07,Hypermutated,Training
TCGA-AX-A060-01A-11R-A00V-07,Hypermutated,Training
TCGA-AX-A063-01A-11R-A00V-07,Hypermutated,Training
TCGA-AX-A064-01A-11R-A00V-07,Hypermutated,Training
TCGA-AX-A06B-01A-11R-A00V-07,CN_high,Training
TCGA-AX-A06H-01A-11R-A118-07,Hypermutated,Training
TCGA-AX-A0IU-01A-11R-A16W-07,CN_high,Training
TCGA-AX-A0IW-01A-11R-A040-07,CN_high,Training
TCGA-AX-A0J0-01A-11R-A109-07,Hypermutated,Training
TCGA-AX-A0J1-01A-11R-A040-07,Hypermutated,Training
TCGA-AX-A1C8-01A-11R-A137-07,CN_high,Training
TCGA-AX-A1CP-01A-11R-A137-07,CN_high,Training
TCGA-AX-A2H5-01A-11R-A17B-07,CN_high,Training
TCGA-AX-A2HF-01A-11R-A17B-07,CN_high,Training
TCGA-B5-A0JS-01A-11R-A104-07,CN_low,Training
TCGA-B5-A0JT-01A-21R-A118-07,CN_low,Training
TCGA-B5-A0JV-01A-11R-A104-07,Hypermutated,Training
TCGA-B5-A0JY-01A-11R-A104-07,Hypermutated,Training
TCGA-B5-A0JZ-01A-11R-A040-07,Hypermutated,Training
TCGA-B5-A0K0-01A-11R-A16W-07,CN_low,Training
TCGA-B5-A0K1-01A-11R-A16W-07,CN_low,Training
TCGA-B5-A0K2-01A-12R-A104-07,Hypermutated,Training
TCGA-B5-A0K3-01A-11R-A040-07,CN_high,Training
TCGA-B5-A0K4-01A-11R-A040-07,CN_low,Training
TCGA-B5-A0K7-01A-11R-A104-07,CN_low,Training
TCGA-B5-A0K8-01A-11R-A14M-07,CN_high,Training
TCGA-B5-A11F-01A-11R-A10J-07,CN_low,Training
TCGA-B5-A11G-01A-13R-A118-07,Hypermutated,Training
TCGA-B5-A11I-01A-11R-A10J-07,CN_high,Training
TCGA-B5-A11J-01A-11R-A118-07,Hypermutated,Training
TCGA-B5-A11N-01A-11R-A118-07,Hypermutated,Training
TCGA-B5-A11O-01A-11R-A118-07,CN_low,Training
TCGA-B5-A11S-01A-11R-A118-07,CN_low,Training
TCGA-B5-A11U-01A-11R-A118-07,Hypermutated,Training
TCGA-B5-A11V-01A-11R-A10J-07,CN_low,Training
TCGA-B5-A11W-01A-12R-A118-07,CN_low,Training
TCGA-B5-A11Y-01A-21R-A10J-07,CN_low,Training
TCGA-B5-A121-01A-31R-A118-07,CN_low,Training
TCGA-B5-A1MU-01A-11R-A13S-07,CN_high,Training
TCGA-B5-A1MY-01A-11R-A144-07,CN_high,Training
TCGA-BG-A0LW-01A-11R-A16W-07,CN_low,Training
TCGA-BG-A0M0-01A-11R-A104-07,Hypermutated,Training
TCGA-BG-A0M2-01A-11R-A104-07,CN_low,Training
TCGA-BG-A0M3-01A-11R-A104-07,CN_low,Training
TCGA-BG-A0M4-01A-11R-A104-07,Hypermutated,Training
TCGA-BG-A0M6-01A-31R-A104-07,CN_high,Training
TCGA-BG-A0M7-01A-11R-A040-07,CN_low,Training
TCGA-BG-A0M8-01A-12R-A104-07,CN_high,Training
TCGA-BG-A0M9-01A-21R-A104-07,CN_low,Training
TCGA-BG-A0MC-01A-21R-A040-07,CN_low,Training
TCGA-BG-A0MG-01A-21R-A104-07,CN_low,Training
TCGA-BG-A0MI-01A-11R-A040-07,CN_low,Training
TCGA-BG-A0MO-01A-11R-A040-07,CN_low,Training
TCGA-BG-A0MQ-01A-11R-A104-07,Hypermutated,Training
TCGA-BG-A0MS-01A-11R-A104-07,CN_low,Training
TCGA-BG-A0MT-01A-11R-A104-07,CN_low,Training
TCGA-BG-A0MU-01A-11R-A104-07,CN_low,Training
TCGA-BG-A0RY-01A-11R-A104-07,CN_low,Training
TCGA-BG-A0VV-01A-21R-A118-07,CN_low,Training
TCGA-BG-A0VW-01A-11R-A118-07,Hypermutated,Training
TCGA-BG-A0VX-01A-11R-A118-07,CN_low,Training
TCGA-BG-A0VZ-01A-11R-A109-07,Hypermutated,Training
TCGA-BG-A0W2-01A-11R-A109-07,CN_low,Training
TCGA-BG-A0YU-01A-21R-A10J-07,CN_low,Training
TCGA-BG-A186-01A-11R-A12I-07,CN_low,Training
TCGA-BG-A18A-01A-21R-A12I-07,CN_low,Training
TCGA-BG-A18C-01A-11R-A12I-07,CN_high,Training
TCGA-BG-A2AE-01A-11R-A16F-07,CN_low,Training
TCGA-BK-A0C9-01A-11R-A00V-07,Hypermutated,Training
TCGA-BK-A0CA-01A-21R-A118-07,CN_low,Training
TCGA-BK-A0CB-01A-32R-A104-07,CN_low,Training
TCGA-BK-A0CC-01A-21R-A16W-07,CN_high,Training
TCGA-BK-A139-01A-11R-A118-07,CN_high,Training
TCGA-BK-A13C-01A-11R-A118-07,CN_low,Training
TCGA-BS-A0T9-01A-11R-A12I-07,CN_low,Training
TCGA-BS-A0TA-01A-11R-A104-07,Hypermutated,Training
TCGA-BS-A0TI-01A-11R-A104-07,CN_high,Training
TCGA-BS-A0TJ-01A-11R-A104-07,Hypermutated,Training
TCGA-BS-A0U8-01A-11R-A104-07,Hypermutated,Training
TCGA-BS-A0U9-01B-21R-A10J-07,CN_high,Training
TCGA-BS-A0UA-01A-11R-A118-07,Hypermutated,Training
TCGA-BS-A0UF-01A-11R-A104-07,Hypermutated,Training
TCGA-BS-A0UJ-01A-12R-A104-07,Hypermutated,Training
TCGA-BS-A0UL-01A-11R-A109-07,Hypermutated,Training
TCGA-BS-A0UT-01A-11R-A104-07,CN_low,Training
TCGA-BS-A0UV-01A-11R-A16W-07,Hypermutated,Training
TCGA-BS-A0V6-01A-11R-A118-07,CN_low,Training
TCGA-BS-A0WQ-01A-21R-A109-07,CN_low,Training
TCGA-D1-A0ZN-01A-11R-A118-07,CN_low,Training
TCGA-D1-A0ZP-01A-21R-A10J-07,CN_high,Training
TCGA-D1-A0ZQ-01A-11R-A118-07,CN_low,Training
TCGA-D1-A0ZR-01A-21R-A10J-07,CN_low,Training
TCGA-D1-A0ZU-01A-11R-A10J-07,CN_low,Training
TCGA-D1-A0ZV-01A-11R-A10J-07,CN_low,Training
TCGA-D1-A0ZZ-01A-11R-A10J-07,CN_high,Training
TCGA-D1-A101-01A-12R-A10J-07,Hypermutated,Training
TCGA-D1-A102-01A-11R-A10J-07,CN_low,Training
TCGA-D1-A103-01A-11R-A10J-07,Hypermutated,Training
TCGA-D1-A15V-01A-11R-A118-07,CN_high,Training
TCGA-D1-A15Z-01A-11R-A118-07,CN_low,Training
TCGA-D1-A160-01A-11R-A118-07,Hypermutated,Training
TCGA-D1-A161-01A-11R-A118-07,CN_low,Training
TCGA-D1-A163-01A-11R-A12I-07,Hypermutated,Training
TCGA-D1-A167-01A-11R-A12I-07,Hypermutated,Training
TCGA-D1-A168-01A-31R-A12I-07,CN_low,Training
TCGA-D1-A169-01A-11R-A12I-07,CN_high,Training
TCGA-D1-A16B-01A-11R-A12I-07,CN_low,Training
TCGA-D1-A16D-01A-11R-A12I-07,CN_low,Training
TCGA-D1-A16E-01A-22R-A12I-07,CN_low,Training
TCGA-D1-A16G-01A-31R-A12I-07,CN_high,Training
TCGA-D1-A16J-01A-11R-A12I-07,CN_low,Training
TCGA-D1-A16N-01A-11R-A12I-07,Hypermutated,Training
TCGA-D1-A16O-01A-11R-A12I-07,CN_low,Training
TCGA-D1-A16S-01A-11R-A12I-07,CN_high,Training
TCGA-D1-A16X-01A-11R-A12I-07,Hypermutated,Training
TCGA-D1-A16Y-01A-31R-A12I-07,Hypermutated,Training
TCGA-D1-A174-01A-11R-A12I-07,Hypermutated,Training
TCGA-D1-A176-01A-11R-A12I-07,Hypermutated,Training
TCGA-D1-A177-01A-21R-A12I-07,Hypermutated,Training
TCGA-D1-A17A-01A-11R-A12I-07,Hypermutated,Training
TCGA-D1-A17B-01A-22R-A12I-07,Hypermutated,Training
TCGA-D1-A17D-01A-12R-A12I-07,Hypermutated,Training
TCGA-D1-A17F-01A-11R-A12I-07,Hypermutated,Training
TCGA-D1-A17H-01A-11R-A12I-07,Hypermutated,Training
TCGA-D1-A17K-01A-11R-A12I-07,CN_high,Training
TCGA-D1-A17L-01A-11R-A12I-07,CN_low,Training
TCGA-D1-A17M-01A-21R-A12I-07,Hypermutated,Training
TCGA-D1-A17N-01A-11R-A12I-07,CN_low,Training
TCGA-D1-A17Q-01A-11R-A12I-07,Hypermutated,Training
TCGA-D1-A17R-01A-11R-A12I-07,Hypermutated,Training
TCGA-D1-A17S-01A-11R-A12I-07,CN_low,Training
TCGA-D1-A17T-01A-11R-A12I-07,CN_low,Training
TCGA-D1-A17U-01A-21R-A12I-07,Hypermutated,Training
TCGA-D1-A1NU-01A-11R-A14D-07,CN_high,Training
TCGA-D1-A1NX-01A-11R-A16F-07,CN_high,Training
TCGA-DI-A0WH-01A-12R-A12I-07,Hypermutated,Training
TCGA-DI-A1NN-01A-11R-A16F-07,CN_high,Training
TCGA-EO-A1Y5-01A-11R-A157-07,CN_high,Training
TCGA-FI-A2D2-01A-11R-A17B-07,CN_high,Training
TCGA-FI-A2EW-01A-11R-A17B-07,CN_high,Training
TCGA-FI-A2EX-01A-11R-A17B-07,CN_high,Training
TCGA-FI-A2F8-01A-12R-A17B-07,CN_high,Training
